"品类","规格/吨位段","首选市场","次选市场","谨慎或避开","需求驱动","主要客户群体","价格参考(相对新机)","竞争强度","备注"
"微挖/小挖","1-8t","东南亚","中东/拉美/非洲城改","欧美日澳(CE/EPA排放门槛)","农田、庭院、市政小工程、室内拆除","个体机主、小承包商、农机经销商","35%-50%","高","美国2025年进口60,359台但单价仅0.5万美元/台，说明欧美吃的是经济型小挖"
"中型挖掘机","13-25t","东南亚(印尼/越南/菲律宾)","非洲(几内亚/尼日利亚/肯尼亚)","欧美","基建、矿业剥离、棕榈油、镍矿","中小承包商、矿业承包商、设备租赁公司、中资EPC项目部","35%-55%","高","全球流通性最好的单品，新手首选"
"大型/矿用挖掘机","35-90t","印尼(镍矿)/几内亚/加纳/刚果金/巴西","蒙古/俄罗斯","认证市场","矿业开采","矿业公司、大型土方承包商","30%-45%","中","买家偏好CAT/Komatsu，且要求驻场服务与备件库存"
"装载机","ZL30/ZL50","非洲/中东/俄罗斯/中亚","拉美/东南亚","欧美","料场、港口、搅拌站、矿山转运","建材厂、搅拌站、港口、矿业承包商","35%-50%","中","柳工在阿联酋装载机口碑好；俄报废税对装载机冲击最大"
"推土机","SD16/SD22/SD32","非洲/中东/俄罗斯/中亚","拉美","-","道路、矿山剥离、场地平整","道路承包商、矿业公司","35%-50%","中","山推品牌认知强"
"平地机","140-220马力","非洲/中亚(道路项目配套)","中东/俄罗斯","-","公路新建与养护","中资EPC项目部、当地公路承包商","35%-50%","低","常与中资道路项目捆绑销售"
"路面机械(压路机/摊铺机/铣刨机)","全段","非洲/东南亚","中东/中亚","-","公路新建与养护","道路承包商、市政","35%-50%","中","印尼对压路机要求SGS检验"
"汽车起重机/履带吊","25-80t","中东(沙特2030)/俄罗斯/中亚","非洲/东南亚","-","房建、能源、桥梁","吊装公司、EPC承包商、租赁公司","30%-45%","中","二手全地面起重机价格可低至新机30%"
"混凝土机械(泵车/搅拌车/搅拌站)","全段","中东/非洲/东南亚/俄罗斯","中亚","-","房建、基建","商砼站、房建承包商","30%-45%","中","普茨迈斯特/三一/中联品牌在长沙基地整备出口"
"旋挖钻机/桩工设备","全段","中东/东南亚/非洲","俄罗斯/中亚","-","桩基础、桥梁、高层建筑","基础工程公司、EPC承包商","40%-55%","中","再制造后售价约新机一半，性能可达85%以上"
"叉车(内燃/电动)","1-10t","东南亚(印尼/越南/泰国)","中东/非洲港口/拉美","-","制造业转移、物流园区、港口","工厂、仓储物流、港口、租赁公司","35%-50%","高","HS 8427 集装箱叉车退税率13%"
"高空作业平台/伸缩臂叉装车","全段","中东/东南亚","非洲","-","房建、场馆、厂房维护","设备租赁公司","40%-55%","中","租赁公司对可靠性与残值要求最高"
"矿山自卸车/宽体车","60-100t","印尼/几内亚/刚果金/蒙古","俄罗斯/中亚","-","矿区运输","矿业公司、矿区运输承包商","35%-50%","中","国内专用车型需确认目的国能否上路登记"
"配件与属具(破碎锤/斗/四轮一带/液压件/滤芯)","全段","所有保有量大的市场(优先非洲/东南亚/俄罗斯)","-","-","存量设备维保","维修厂、经销商、终端用户","-","中","毛利可达整机30%-50%，不占压大资金，复购稳定"
