"ID","层级","URL","发布日期","支撑结论(摘要)","适用范围"
"A1","L1","http://www.hunan.gov.cn/hnszf/xxgk/wjk/szfbgt/202501/t20250113_33563332.html","2025-01-13","再制造出口基地建设、线上溯源平台、金融服务、自然人收购废旧设备的代开发票与财产原值核定",""
"A2","L1","https://wqb.hunan.gov.cn/wqb/xxgk/gzdt/zwdt/ws/202510/t20251027_33834388.html","2025-10-27","保有量超 1000 万台套/市值约 6000 亿；近三年出口年均 +30%；8 项团标、2 项升地方标准；基地出口额 +40%；**全国退税政策尚未完善**",""
"A3","L1","https://www.heihe.gov.cn/hhs/c102652/202407/c11_296572.shtml","2024-07-15","5.5 t 装载机回收税 78.64 万→180 万卢布、占售价 17.78%→40.83%、成本 +23.06%",""
"A4","L1","https://www.heihe.gov.cn/hhs/c102651/202411/c11_311890.shtml","2024-11-25","2024/10/1 起上调、2025 起筑路机械每年 +15%；挖机/挖掘装载机指数化推迟",""
"A5","L1","https://www.trade.gov/market-intelligence/algerian-used-equipment-regulation","2022-10-21","阿尔及利亚二手设备原则性禁止 + 例外条件（≤10 年、自筹 30%、工业部授权、5 年不可转让）",""
"A6","L1","https://www.crracelve.com/policy_x.php?id=7956&pid=1&ipage=13","2021-10-26","尼日利亚事前货物申请（ACD）、加纳二手车与工程机械需求",""
"A7","L1","https://www.cib.com.cn/cn/minipage/trade/inter/ckmyrzl.html","","中国信保 + 押汇的三方《赔款转让协议》机制、除外责任",""
"B1","L2","https://pdf.dfcfw.com/pdf/H3_AP202505251678899483_1.pdf","2025-05-25","非洲/沙特/印尼挖机出口均价高于欧美；2024 年铲运机械出口分地区占比（俄 21%）；北美收入中卡特约 10%",""
"B2","L2","https://www.ccpitbj.org/web/static/articles/catalog_40fcc036830c53550183597640d5026e/article_ff8080818e8a79a50193dd9779e622d9/ff8080818e8a79a50193dd9779e622d9.html","2024-12-19","2024/10/1 起报废税上调并指数化至 2030；挖机/挖掘装载机推迟至不早于 2026/2028",""
"B3","L2","https://www.lexology.com/library/detail.aspx?g=1cf4ef3c-544b-4f7d-bd78-e451e644fd83","2019-05-15","越南 Decision 18/2019：机龄 ≤10 年、检验证书 6 个月有效、超龄需 MOST 例外",""
"B4","L2","https://news.piv.asia/industrial-park-situation-21st/","2024-07-26","金属加工设备放宽至 20 年；生产线取消机龄但设剩余产能 ≥85%、能耗 ≤15%、OECD 3 家以上应用",""
"B5","L2","https://www.researchandmarkets.com/report/asia-pacific-used-construction-equipment-market","","印尼 Permendag 36/2023 → 8/2024 → 24/2025 叠加监管；东南亚二手机主要来自中国与日本",""
"B6","L2","https://intergest.co.za/customs-import-and-export-regulations-of-south-africa/","2024-04-16","南非所有二手货物受进口管制；SACU 共同对外关税；SARS 商品编码体系",""
"C1","L3","https://finance.sina.com.cn/roll/2026-01-22/doc-inhiepsw2751457.shtml","2026-01-22","**2025 年挖掘机出口 31.67 万台 / 107.11 亿美元（+38.6%/+30.8%）；2024 年 22.85 万台/81.93 亿美元**；金额榜前十（俄 11.",""
"C2","L3","https://finance.sina.com.cn/wm/2025-01-10/doc-ineentrx5493083.shtml","2025-01-10","**2024 年挖掘机销量 20.11 万台，内销 10.05 万台、出口 10.06 万台**（协会口径）",""
"C3","L3","https://finance.sina.com.cn/stock/stockzmt/2025-03-25/doc-ineqvzsq5857642.shtml","2025-03-25","二手挖机 2020 年前 <1 万台/年；2021 起 4 年累计 31 万台；2024 年 12 万台首超新机内需与出口",""
"C4","L3","https://www.stcn.com/article/detail/2479677.html","2025-07-09","2025H1 挖机销量 12.05 万台（+16.8%），出口 5.49 万台；协会归因""二手设备加快出口带动存量消化""",""
"C5","L3","https://www.tradesichuan.com/jmzx/2874.html","2025-09-09","2025H1 挖机出口 49 亿美元（+22.8%）；**对非 40 亿美元（+51.6%），挖机占 27.6%；几内亚 4.6 亿美元（+128.2%）超加纳、南非**；印尼 1",""
"C6","L3","https://www.ccm-1.com/news/7262.html","2025-06-19","保有量超 900 万台；二手市场规模 2025 年约 1500 亿元；全球二手市场 2023 年 954 亿→2030 年 1220 亿美元；**2024 年出口二手机约 12 万",""
"C7","L3","https://www.ccm-1.com/news/7458.html","2025-08-08","每年约 70 万台进入二手流通；二手全地面起重机价格约为新机 30%；中国正取代日韩成为东南亚/南美/非洲最大二手工程机械来源",""
"C8","L3","https://www.ccm-1.com/news/6206.html","2024-10-31","2024 年 1-8 月出口额前五品类（零部件 95 亿美元居首）；六大洲份额（亚洲 40.75%）；主要出口国前九（俄 8.9%、美 5.7%、印尼 3.1%…）",""
"C9","L3","https://www.ccm-1.com/news/5123.html","2024-04-16","**中东约 30% 建筑设备已使用超 10 年**；沙特 430 亿美元 24 万套住房",""
"C10","L3","https://news.d1cm.com/20240223159947.shtml","2024-02-23","上下游市场分层理论；**国产无 CE / EPA 认证的二手设备短期无法进入欧美**",""
"C11","L3","https://news.21-sun.com/detail/2025-01-20250102100651847.shtml","2025-01","2024 年 1-11 月出口 478.2 亿美元（+7.3%）；挖机 74.9 亿；一带一路占 72.67%；印尼 7.8 亿 > 俄 7.6 亿 > 比利时 5.7 亿",""
"C12","L3","https://news.21-sun.com/detail/2025-05-20250524091000088.shtml","2025-05","三一 + 徐工占俄新增供应约 85%；2025/1 中国份额 61.1%→51.9%；俄 Q1 销量 −1/3 至 6600 台；俄产设备 +11%",""
"C13","L3","https://news.21-sun.com/detail/2025-05-20250528085847601.shtml","2025-05","巴西 2024 年进口挖机近 1.5 万台/7.5 亿美元，中国占 50%；装载机 1.9 万台/7.8 亿美元，中国数量占比超六成；2025Q1 对巴西出口约 5 亿美元",""
"C14","L3","http://www.6300.net/info/detail_239438.html","2024-03-02","2023 年对非洲拉美 90.13 亿美元（+12.8%、18.56%）；对俄 60.58 亿（+66.5%、12.48%）；分品类主要出口国",""
"C15","L3","https://www.chinanews.com.cn/cj/2021/11-01/9599276.shtml","2021-11-01","**湖南自贸区首单：山河智能二手旋挖钻机出口乌干达，""二手设备也可以像新机一样享受出口退税""**",""
"C16","L3","https://www.icswb.com/h/103024/20220805/775720.html","2022-08-05","出口退税难、销户难等痛点；长沙经开区""出口新模式""入选湖南自贸区首批制度创新成果",""
"C17","L3","https://www.icswb.com/h/103024/20220928/783710.html","2022-09-28","混凝土机械/汽车吊/配件（普茨迈斯特、三一、中联）出口实操案例",""
"C18","L3","https://m.chinabgao.com/info/1274538.html","2025-06-18","《出口工程机械二手设备 评估通则》A/B/C 三级 + 12 项核心指标；40+ 家评估机构接入；退运率 −15%",""
"C19","L3","https://eonmac.com/industry/detail/312.html","2025-03-14","保有量 862–934 万台（2023 年底）；徐工单增海两会发言（评估标准缺失、交易透明度低、出口渠道不畅）",""
"C20","L3","https://www.eworldship.com/html/2025/ShipOwner_0714/213480.html","2025-07-14","2025H1 几内亚铝土矿出口 9980 万吨（+36%），中资企业承担 60%+ 运输",""
"C21","L3","https://www.sina.cn/news/detail/5302752601441657.html","2026-05-26","2025 年几内亚铝土矿出口 1.83 亿吨（+25%）；中国依存度近 75%；2026 年 6 月出口管制改革",""
"C22","L3","https://m.thepaper.cn/newsDetail_forward_29120687","2024-10-24","报废税 2024/10/1 起上调 70%–85%，2025 起每年 +10%–20% 至 2030",""
"C23","L3","https://k.sina.cn/article_7857201856_1d45362c001908447e.html","2026-07-14","**肯尼亚 PVoC 自 2026-03-01 全面恢复并升级**；尼日利亚 2026 装运前强制认证；加纳 G-CAP/ICUMS；坦桑尼亚 PVoC（EAC）",""
"D1","L4","https://www.ingstart.com/blog/50504.html","2026-05-13","十节点流程；铭牌补办焊铆；熏蒸与《检疫处理报告》；OT/FR 选型与重心；1039 市场采购贸易兜底；巴西序列号滞留 60 天案例",""
"D2","L4","https://zhuanlan.zhihu.com/p/388935586","2021-07-12","旧设备出口退税计算公式、《出口旧设备退（免）税申报表》、《旧设备折旧情况确认表》",""
"D3","L4","https://www.jd-link.com/articles/encyclopedias/4166/","2025-03-06","集装箱叉车 84272010 退税率 13%；退税申报条件与流程",""
"D4","L4","https://www.9656556.com/wuliu/16117.html","2026-09-12","柜型选型表；特种柜提前 7–15 天订舱、溢价 30%–80%；熏蒸费 500–800 元/票；油料排空",""
"D5","L4","http://www.fjtd-logistics.com/show.asp?id=10032","2020-06-03","40FR 尺寸 11.762×2.240×2.034 m、最大承重 34 t；框架箱超尺寸按占位倍数计费",""
"D6","L4","https://rizhao.11467.com/info/54154089.htm","2026-07-27","RoRo/框架柜/散杂船适用边界；二手设备前置装运前检验；时效 25–35 天；建议先试运一台",""
"D7","L4","https://zhengshi.xin/blog/article/waimao-shoukuan-fangshi-zhinan-2026","","30/70 惯例；信保费率 0.5%–1.5%（另处 0.8%–3%）、赔付 80%–90%；高风险国用大行开证",""
"D8","L4","https://www.guangdong1039.com/2026-01-29/11044/","2026-01-29","尼日利亚买方违约风险连续五年全球前五；安哥拉/津巴布韦极高风险；孟加拉信用证拒付率 >20%（全球约 5%）；阿根廷 L/C 兑付超 180 天",""
"D9","L4","https://www.amassfreight.com/journalism/info/?id=21%2C110","","SONCAP（提前 3 周启动）、PVoC、加纳/科特迪瓦要求；提单 consignee 与信用证一字不差",""
"D10","L4","https://zhuanlan.zhihu.com/p/170467831","2021-02-08","巴西税负与 CNPJ/CPF/NCM；开船前申请 14–30 天免用期；巴拉圭东方市转口",""
"D11","L4","https://www.channelark.com/school/baoguan/1405.html","2025-01-21","报关要素、货值申报、查验与放行、目的国认证（CE/ISO）",""
"D12","L4","https://www.fumasoft.com/news/4903.html","2026-08-13","国别风险分级对应的结算策略；印度/土耳其记名提单不可退运风险",""
"E1","L5","https://www.kyusedexcavator.com/essential-export-documents-for-shipping-used-construction-machinery-to-southeast-asia/","","东南亚各国单证与机龄要求的从业者视角（印尼 10 年/例外 15 年、泰国国四、柬埔寨 CCIC 8–10 年）",""
"E2","L5","https://www.sinousedmachinery.com/comprehensive-guide-to-import-policies-for-used-construction-machinery-in-belt-and-road-initiative-countries/","","一带一路国别政策汇编（越南、印尼、肯尼亚、埃及轮式装载机 >8 年）",""
"E3","L5","https://www.seaaircargosystems.com/second-hand-machinery-import-india.html","","印度 CEC、10 年机龄、剩余寿命 ≥5 年、DGFT 许可",""
"E4","L5","https://www.fairtrademachinery.com/blogs/how-to-i-a-used-komatsu-excavator-to-south-africa-through-fairtrademachinery.html","","南非 ITAC 二手货物进口许可（装运前必须取得）",""
"E5","L5","https://proscaapp.com/blog/nigeria-export-development-strategy-2026","","尼日利亚 SONCAP（PC+SC）周期与费用、WhatsApp 开发打法、外汇管制",""
"E6","L5","https://proscaapp.com/blog/machinery-export-find-customers-2026","","机械获客 6 渠道、客单价 $50K–$2M、决策周期 3–18 个月、配件毛利 30%–50%",""
"E7","L5","https://proscaapp.com/blog/how-to-find-foreign-trade-customers-2026-8-channels-comparison","","8 大获客渠道月成本与见效周期对比表",""
"E8","L5","https://linkmao.cn/blog/factory-first-customers-without-alibaba/","","不上阿里的六条获客路径排序",""
"E9","L5","https://proscaapp.com/blogTwo/2026-middle-east-foreign-trade-ai-agent-dubai-saudi-uae","","迪拜经销商筛选条件、Jebel Ali 转口逻辑",""
"E10","L5","http://www.wabaiwan.com/show.asp?id=1357","","非洲/尼日利亚二手挖机市场分析、俄罗斯挖机关税与税费结构",""
"E11","L5","https://supplier.alibaba.com/us/news/PXQ1J1CS.htm","","哈萨克斯坦年进口工程机械约 11 亿美元、中国为最大来源；连云港—塔什干班列",""
"E12","L5","https://www.jiexinyun.com.cn/portal/article/index.html?id=71","","秘鲁进口税 0%–12%、VAT 18%、FORM R 减免、清关流程",""
"E13","L5","https://www.xbaohui.com/?m=home&c=View&a=index&aid=16993","","玻利维亚设备全面依赖进口、实际税负约 14.94%、南共市/ACE 协定",""
"E14","L5","https://www.chwang.com/article/107289155959","","南美七国获客方法与本地黄页/B2B 平台",""
"F1","存疑","https://zhuanlan.zhihu.com/p/2001586772187030154","","""全年出口额 590 亿美元""标注为中国机械工业联合会**预测值**；挖机出口量 116,739 台（新机口径）——我用它与海关 31.67 万台相减推算二手机约 20 万台，该推",""
"A8","L1","https://www.miti.gov.my/index.php/pages/view/10628","","正式进口重型机械 ≤5 年；>5 年仅临时进口（随项目、须复出口、许可 6 个月续）；二手塔吊禁止","行业+项目"
"A9","L1","https://www.mdn.gov.mm/en/myanmar-imports-over-486-mln-worth-machinery-spare-parts-7-months","2021-07-24","非公路重工（含 piling machine）≤15 年可进口","行业+项目"
"B7","L2","https://www.transpireinsight.com/report/asia-pacific-rotary-drilling-rig-market","","亚太旋挖钻 2025 年 $15.7 亿 → 2033 $21.5 亿，CAGR 4.03%","行业+项目"
"B8","L2","https://dataintelo.com/report/pile-foundation-construction-market","2026-03","亚太桩基 2025 年约 $52.1 亿、占全球 44.1%；越/印尼/菲高增长","行业+项目"
"B9","L2","","2026-06","全套管新机 $40–60 万、毛利 15–20%；JICA 资助东南亚地铁群驱动","行业+项目"
"B10","L2","https://www.hsfkramer.com/insights/2025-11/new-indonesian-investment-rules-2025","2025-11","PMA 实缴资本降至 IDR 25 亿；投资计划 >IDR 100 亿/每 KBLI/每地点","行业+项目"
"B11","L2","https://www.china-briefing.com/china-outbound-news/how-indonesias-pt-pma-structure-fits-foreign-ownership-and-control-requirements","2026-02","PMA 投资计划 >IDR 100 亿（≈$59.5 万）/5 位 KBLI/每地点","行业+项目"
"C24","L3","https://product.d1cm.com/zhishi/sibif7qno.html","","SWDM160H2：49 t、扭矩 168 kN·m、孔深 56/44 m、孔径 1.5 m、康明斯","行业+项目"
"C25","L3","https://www.gnlm.com.mm/moc-sets-2025-vehicle-import-policy-as-2024-oldest-model/","2024-12-28","2025 政策重申非公路重工（含 piling machine）≤15 年","行业+项目"
"D13","L4","https://dnelogistics.com.my/import-permit-malaysia-miti-sirim-maqis.html","2026-09","马来重型机械 AP 类别与 5 年机龄测试","行业+项目"
"D14","L4","https://jasonngpartners.com/blog/licensing-requirement-for-the-import-of-heavy-construction-equipment-into-malaysia/","",">5 年完全禁止；<5 年受限需 AP","行业+项目"
"D15","L4","https://www.scm-legal.com/post/selling-heavy-vehicles-and-machinery-in-myanmar","2021-03","缅甸分销商须 MOC 注册、MMK1 亿保证金、L/C 或 T/T","行业+项目"
"D16","L4","https://www.permitindo.com/news/new-investment-rules-indonesia-2025","2025-12","批发贸易按 4 位 KBLI 计 >IDR 100 亿；Investor KITAS 仍 IDR 100 亿","行业+项目"
"D17","L4","https://www.clanqu.com/en/pt-pma-company-registration/","2026-06","实缴 IDR 25 亿+12 个月锁定；≥2 股东+董事+监事；OSS/NIB","行业+项目"
"E15","L5","https://estec-trade.com/philippines","","菲律宾""机械无机龄限制""（车辆另管）","行业+项目"
"E16","L5","https://alltransportdepot.com/roro-shipping-heavy-equipment-to-philippines/","","菲律宾允许二手重工、RoRo 适用","行业+项目"
"E17","L5","https://ershou.lmjx.net/xuanwazuanji/27ljaaaab.html","","二手 160H2（2021、741 h）面议","行业+项目"
"E18","L5","https://www.1688.com/market/-B6FECAD6D0FDCDDABBFA.html","","1688 二手旋挖 ¥19.9–24.4 万；租赁 300H/360H≈¥22 万/月","行业+项目"
"E19","L5","https://seller.alibaba.com/blogs/2026/southeast-asia/power-tools/rotary-hammer-boom-strategy","","东南亚基建管线表（菲 BBBM $1500 亿、越隆城 $160 亿、印尼 Nusantara $300 亿）","行业+项目"
"E20","L5","https://www.sinovogroup.com/used-sany-sr250-rotary-drilling-rig-product/","","二手 SR250（2014、7000h）$187,500","行业+项目"
"E21","L5","https://tybinfra.com/product/sany-sr155-piling-rig-for-sale/","","印度 SR155（2017/18）₹82–85 万","行业+项目"
"E22","L5","https://www.alibaba.com/showroom/sany-drilling-rig-machine.html","","挂价 SR125 $100k、SR155 $95k、SR65 $22k、SUNWARD $100k","行业+项目"
"E23","L5","https://www.machinio.com/sany/piling-rigs","","挂价区间 $10.7k–$813k","行业+项目"
"C26","L3","https://newsroom.tiktok.com/tiktok-surpasses-460-million-users-in-southeast-asia-inks-partnership-with-vietnams-ministry-of-culture-sports-and-tourism?lang=en-SG","2025-11","SEA 月活 4.6 亿：印尼 1.6 亿、越南 7000 万、泰国 5000 万、其余 1.8 亿","行业+项目"
"C27","L3","https://retailasia.com/news/tiktok-reaches-460-million-monthly-users-in-southeast-asia","2025-11","同 C26 交叉验证","行业+项目"
"C28","L3","https://calculatecreator.com/region/","2026-01","另一口径：印尼 1.13 亿、越南 5060 万、菲 4830 万、泰 4190 万、马 2150 万（与 C26 口径不同，见矛盾记录）","行业+项目"
"C29","L3","https://www.nytimes.com/2023-10-05/business/tiktok-shop-indonesia-ecommerce-ban.html","2023-10-05","2023-10 TikTok Shop 印尼关停（社交与电商分离令）","行业+项目"
"C30","L3","https://mb.com.ph/2023-9-27/indonesia-bans-goods-transactions-on-social-media-platforms","2023-09","Permendag 31/2023：社交媒体只能推广、不得站内成交","行业+项目"
"C31","L3","https://indonesiabusinesspost.com/6353/markets-and-finance/indonesia-moves-to-safeguard-digital-market-amid-rise-of-foreign-platforms-after-tiktok-tokopedia-merger","2026-03","TikTok 持 Tokopedia 75.01% 恢复运营；2026 年仍在修订 Permendag 31/2023 边界","行业+项目"
"C32","L3","https://techwireasia.com/2023-09/the-end-of-tiktok-shop-and-other-social-commerce-in-indonesia/","2023-09","社交媒介仅可""像电视一样打广告""，不可交易","行业+项目"
"C33","L3","https://www.tmtpost.com/7909599.html","2026-03","2024 全国直播带货投诉 40.2 万件（+19.3%）；剧情带货是重灾区","行业+项目"
"D18","L4","https://itopmarketing.com/info18028","2024-09","七天起号法、浅层数据、付费矩阵、大卖场场景直播","行业+项目"
"D19","L4","https://blog.csdn.net/weixin_44523694/article/details/132680198","2023-09","线索小程序挂载、关键词布局、矩阵 200+ 账号","行业+项目"
"D20","L4","https://v2ex.com/t/1114549?p=1","2025-02","主播三天换号、平台推荐机制放大骗局、保证金难追","行业+项目"
"E24","L5","https://www.tiktok.com/discover/excavator-sabah-sale","2026-06","竞品账号样本：@shandong.wochi.eq、@jt.used.excavator、@daifei.excavator","行业+项目"
"E25","L5","https://www.tiktok.com/discover/%E4%BA%8C%E6%89%8B%E6%8C%96%E6%8E%98%E6%9C%BA%E5%87%BA%E5%94%AE","2026-06","竞品账号样本：@guangdong.crane.c、@yonggong_excavators","行业+项目"
"E26","L5","https://www.tiktok.com/discover/machinery-supplier-prijs","2026-09","竞品账号样本：@used_excavator_seller、@wuqiangmachinery8、@startequipments.ltd（肯尼亚 Ksh 报价）","行业+项目"
"E27","L5","https://www.niaogebiji.com/article-25685-1.html","2020-03","团购式直播卖车、打赏>60 元加微信、高客单 8 套路","行业+项目"
"P1","P(一手)","","2026-09-27","一手证据：≥10 台旋挖钻机、山河为主、160H2 标牌、中国电建涂装、惠龙园区、拍摄行为","行业+项目"
"C34","L3","https://sanyperkasa.com/","","SANY 印尼官方代理：30+ 处分支/车间（含 Jakarta 仓库车间），在售旋挖钻（SR65 起）+售后+正品件+维保","行业+项目"
"C35","L3","https://sunwardindonesia.com/","2024-07","山河印尼：钻机/挖机贸易+配件+技术支援（Jakarta Cakung）","行业+项目"
"C36","L3","https://royalkrane.id/sunward-crane/","","山河履带吊印尼独家代理，兼旋挖钻机等分销+备件+保修","行业+项目"
"C37","L3","https://sanyph.com/","2026-03","SANY 菲律宾官方代理（2020 起），含 Piling Rigs，Luzon/Visayas 24/7 现场服务","行业+项目"
"E28","L5","https://www.winganfoundation.com/","","菲桩基专业商样本：bored/driven/sheet piling，20+ 年","行业+项目"
"E29","L5","https://japcon.com.ph/","","菲基础工程样本：bored/micro piling、地连墙、设备租赁+贸易","行业+项目"
"E30","L5","http://thecompasses.net/boredpilesphilippines/","","菲头部基础商样本：PCAB AAAA、旋转钻机成桩、东南亚/中东/非洲项目","行业+项目"
"E31","L5","https://www.sunlyengineering.com/","","印尼基础商样本：bored pile/stone column/地连墙+设备租赁，电厂/港口项目","行业+项目"
"E32","L5","https://www.zoominfo.com/c/cokro-pondasi--drop-hammer--bore-pile--general-kontraktor/459298871","","印尼中型桩基商样本：109 人、$13.8M、液压钻+wash boring","行业+项目"
"E33","L5","https://jowolandborepile.com/","2026-05","**印尼小型桩基商在用 SANY SR65/SR155** → S1 细分与 65–155 级需求实证","行业+项目"
"E34","L5","https://azkajayamandiri-borepile.com/","","雅加达小型 bore pile 服务商样本","行业+项目"
"E35","L5","https://asaskukuh.com/","2025-09","马来中小桩基商样本（CIDB/MOF 注册）","行业+项目"
